city,state,population_2024_estimate,population_year,scraped_date,data_source,median_home_value,price_year_month,price_source,city_size_category,home_value_per_capita,log_home_value,log_population,rank_cheapest_in_segment,rank_most_expensive_in_segment,below_segment_median_price
New York,NY,8478072,2024,2025-12-22,Wikipedia – List of United States cities by population,793962.721186909,2025-11-30,Zillow ZHVI (City),Mega (>1M),0.09364897127400063,5.899800111541839,6.928297100492395,9.0,3.0,False
Los Angeles,CA,3878704,2024,2025-12-22,Wikipedia – List of United States cities by population,921788.7574907336,2025-11-30,Zillow ZHVI (City),Mega (>1M),0.2376538033040762,5.964631406989292,6.588686638050262,10.0,2.0,False
Chicago,IL,2721308,2024,2025-12-22,Wikipedia – List of United States cities by population,305458.784488989,2025-11-30,Zillow ZHVI (City),Mega (>1M),0.1122470460855548,5.484952619237995,6.434777698387788,7.0,5.0,False
Houston,TX,2390125,2024,2025-12-22,Wikipedia – List of United States cities by population,261052.2485702269,2025-11-30,Zillow ZHVI (City),Mega (>1M),0.10922116984267638,5.416727438352848,6.378420614500712,3.0,9.0,True
Phoenix,AZ,1673164,2024,2025-12-22,Wikipedia – List of United States cities by population,403316.8568164257,2025-11-30,Zillow ZHVI (City),Mega (>1M),0.24105040319802823,5.605646373927692,6.2235385116762565,8.0,4.0,False
Philadelphia,PA,1573916,2024,2025-12-22,Wikipedia – List of United States cities by population,228620.65303421216,2025-11-30,Zillow ZHVI (City),Mega (>1M),0.14525594315974433,5.359115460939575,6.196981550316596,1.0,11.0,True
San Antonio,TX,1526656,2024,2025-12-22,Wikipedia – List of United States cities by population,245985.15922716787,2025-11-30,Zillow ZHVI (City),Mega (>1M),0.16112677592540026,5.390908906045769,6.1837411889016805,2.0,10.0,True
San Diego,CA,1404452,2024,2025-12-22,Wikipedia – List of United States cities by population,968817.0115238166,2025-11-30,Zillow ZHVI (City),Mega (>1M),0.6898185281688635,5.986241756008302,6.147506900895121,11.0,1.0,False
Dallas,TX,1326087,2024,2025-12-22,Wikipedia – List of United States cities by population,302721.06455016346,2025-11-30,Zillow ZHVI (City),Mega (>1M),0.22828145102860029,5.481042641966178,6.1225720175683565,6.0,6.0,False
Jacksonville,FL,1009833,2024,2025-12-22,Wikipedia – List of United States cities by population,280095.94084178127,2025-11-30,Zillow ZHVI (City),Mega (>1M),0.27736857563753736,5.447306815061379,6.004249558757694,4.0,8.0,True
Fort Worth,TX,1008106,2024,2025-12-22,Wikipedia – List of United States cities by population,292665.5662663754,2025-11-30,Zillow ZHVI (City),Mega (>1M),0.2903122948046886,5.466371628275257,6.003506199564614,5.0,7.0,True
San Jose,CA,997368,2024,2025-12-22,Wikipedia – List of United States cities by population,1377506.0350172042,2025-11-30,Zillow ZHVI (City),Large (500k–1M),1.3811411986520565,6.1390935102235895,5.998855430007906,27.0,1.0,False
Austin,TX,993588,2024,2025-12-22,Wikipedia – List of United States cities by population,490209.30981528806,2025-11-30,Zillow ZHVI (City),Large (500k–1M),0.49337281631349017,5.690381554902623,5.997206337698393,20.0,8.0,False
Charlotte,NC,943476,2024,2025-12-22,Wikipedia – List of United States cities by population,393099.3433422051,2025-11-30,Zillow ZHVI (City),Large (500k–1M),0.41665007201264803,5.594502318347957,5.974730857124019,15.0,13.0,False
Columbus,OH,933263,2024,2025-12-22,Wikipedia – List of United States cities by population,241744.1804126985,2025-11-30,Zillow ZHVI (City),Large (500k–1M),0.25903114171749925,5.383356027966731,5.970004048198066,8.0,20.0,True
Indianapolis,IN,891484,2024,2025-12-22,Wikipedia – List of United States cities by population,226477.0747691583,2025-11-30,Zillow ZHVI (City),Large (500k–1M),0.2540450246657913,5.355024246944218,5.950113553036818,6.0,22.0,True
San Francisco,CA,827526,2024,2025-12-22,Wikipedia – List of United States cities by population,1245215.4630743903,2025-11-30,Zillow ZHVI (City),Large (500k–1M),1.5047448214006451,6.095244505108923,5.91778164773977,26.0,2.0,False
Seattle,WA,780995,2024,2025-12-22,Wikipedia – List of United States cities by population,837799.852225263,2025-11-30,Zillow ZHVI (City),Large (500k–1M),1.0727339512100116,5.923140279422481,5.892648253493996,25.0,3.0,False
Denver,CO,729019,2024,2025-12-22,Wikipedia – List of United States cities by population,525742.1346263149,2025-11-30,Zillow ZHVI (City),Large (500k–1M),0.7211638306084133,5.720772784137358,5.862738847231043,22.0,6.0,False
Oklahoma City,OK,712919,2024,2025-12-22,Wikipedia – List of United States cities by population,202976.03599854768,2025-11-30,Zillow ZHVI (City),Large (500k–1M),0.2847112168402689,5.307444766741103,5.8530401892468635,4.0,24.0,True
Nashville,TN,704963,2024,2025-12-22,Wikipedia – List of United States cities by population,431040.2559484339,2025-11-30,Zillow ZHVI (City),Large (500k–1M),0.611436707952664,5.634517831923737,5.848166323633227,18.0,10.0,False
Washington,DC,702250,2024,2025-12-22,Wikipedia – List of United States cities by population,572822.8730052985,2025-11-30,Zillow ZHVI (City),Large (500k–1M),0.8156965083735116,5.758020351167216,5.846491747873616,23.0,5.0,False
El Paso,TX,681723,2024,2025-12-22,Wikipedia – List of United States cities by population,229646.3108980382,2025-11-30,Zillow ZHVI (City),Large (500k–1M),0.3368616151986044,5.361059473183101,5.8336079464916075,7.0,21.0,True
Las Vegas,NV,678922,2024,2025-12-22,Wikipedia – List of United States cities by population,422427.8647095609,2025-11-30,Zillow ZHVI (City),Large (500k–1M),0.6222038241647212,5.625752557940686,5.831819881916101,16.0,12.0,False
Boston,MA,673458,2024,2025-12-22,Wikipedia – List of United States cities by population,775122.5418426514,2025-11-30,Zillow ZHVI (City),Large (500k–1M),1.1509589934972209,5.889370367072807,5.828310516262411,24.0,4.0,False
Detroit,MI,645705,2024,2025-12-22,Wikipedia – List of United States cities by population,76340.01348574048,2025-11-30,Zillow ZHVI (City),Large (500k–1M),0.11822738477437914,4.882752232332783,5.81003414936697,1.0,27.0,True
Louisville,KY,640796,2024,2025-12-22,Wikipedia – List of United States cities by population,251363.2603966976,2025-11-30,Zillow ZHVI (City),Large (500k–1M),0.392267212024884,5.400301800903693,5.8067197921158975,10.0,18.0,True
Portland,OR,635749,2024,2025-12-22,Wikipedia – List of United States cities by population,519611.74174127873,2025-11-30,Zillow ZHVI (City),Large (500k–1M),0.817322153461946,5.715678956326759,5.803285685725728,21.0,7.0,False
Memphis,TN,610919,2024,2025-12-22,Wikipedia – List of United States cities by population,143363.2829518921,2025-11-30,Zillow ZHVI (City),Large (500k–1M),0.23466823417162028,5.156437937571721,5.78598363219837,2.0,26.0,True
Baltimore,MD,568271,2024,2025-12-22,Wikipedia – List of United States cities by population,186123.2686665506,2025-11-30,Zillow ZHVI (City),Large (500k–1M),0.3275255444436732,5.269800670937207,5.754555493698554,3.0,25.0,True
Milwaukee,WI,563531,2024,2025-12-22,Wikipedia – List of United States cities by population,213912.7700626565,2025-11-30,Zillow ZHVI (City),Large (500k–1M),0.3795936160790737,5.330236711650545,5.7509178117017825,5.0,23.0,True
Albuquerque,NM,560326,2024,2025-12-22,Wikipedia – List of United States cities by population,336594.9453692512,2025-11-30,Zillow ZHVI (City),Large (500k–1M),0.6007127018365223,5.527107589908597,5.748440774876189,12.0,16.0,True
Tucson,AZ,554013,2024,2025-12-22,Wikipedia – List of United States cities by population,321510.060611714,2025-11-30,Zillow ZHVI (City),Large (500k–1M),0.5803294518571117,5.507194567306245,5.743519955634611,11.0,17.0,True
Fresno,CA,550105,2024,2025-12-22,Wikipedia – List of United States cities by population,381951.9361745203,2025-11-30,Zillow ZHVI (City),Large (500k–1M),0.6943255127194268,5.582008715876407,5.740445592345768,13.0,15.0,True
Sacramento,CA,535798,2024,2025-12-22,Wikipedia – List of United States cities by population,469541.7762851687,2025-11-30,Zillow ZHVI (City),Large (500k–1M),0.8763410395058748,5.671674238568,5.729001088162476,19.0,9.0,False
Atlanta,GA,520070,2024,2025-12-22,Wikipedia – List of United States cities by population,384900.3884931044,2025-11-30,Zillow ZHVI (City),Large (500k–1M),0.7400934268331271,5.585348349443062,5.71606180241888,14.0,14.0,False
Mesa,AZ,517151,2024,2025-12-22,Wikipedia – List of United States cities by population,427262.1286808439,2025-11-30,Zillow ZHVI (City),Large (500k–1M),0.8261844774173189,5.630694399875863,5.7136173688035985,17.0,11.0,False
Kansas City,MO,516032,2024,2025-12-22,Wikipedia – List of United States cities by population,241959.67824952005,2025-11-30,Zillow ZHVI (City),Large (500k–1M),0.46888502699351986,5.383742998324357,5.71267663378324,9.0,19.0,True
Raleigh,NC,499825,2024,2025-12-22,Wikipedia – List of United States cities by population,426538.0481035195,2025-11-30,Zillow ZHVI (City),Medium (100k–500k),0.8533747773791217,5.629957777225445,5.698817974660607,158.0,145.0,False
Colorado Springs,CO,493554,2024,2025-12-22,Wikipedia – List of United States cities by population,441143.9747987904,2025-11-30,Zillow ZHVI (City),Medium (100k–500k),0.8938109605003514,5.644580351953304,5.693334675990526,167.0,136.0,False
Omaha,NE,489265,2024,2025-12-22,Wikipedia – List of United States cities by population,285391.7308304165,2025-11-30,Zillow ZHVI (City),Medium (100k–500k),0.5833070643320419,5.455441385363255,5.689544149235235,77.0,226.0,True
Miami,FL,487014,2024,2025-12-22,Wikipedia – List of United States cities by population,571025.6550369803,2025-11-30,Zillow ZHVI (City),Medium (100k–500k),1.1725035728685014,5.756655620663886,5.68754144588682,222.0,81.0,False
Virginia Beach,VA,454808,2024,2025-12-22,Wikipedia – List of United States cities by population,411754.0174496584,2025-11-30,Zillow ZHVI (City),Medium (100k–500k),0.9053359163639567,5.6146378452375565,5.657828095253381,146.0,157.0,True
Long Beach,CA,450901,2024,2025-12-22,Wikipedia – List of United States cities by population,825135.8389053171,2025-11-30,Zillow ZHVI (City),Medium (100k–500k),1.829971188587555,5.916525450647812,5.654081198478006,276.0,27.0,False
Oakland,CA,443554,2024,2025-12-22,Wikipedia – List of United States cities by population,689803.0343600748,2025-11-30,Zillow ZHVI (City),Medium (100k–500k),1.5551726156456143,5.838725100444446,5.646946500096497,255.0,48.0,False
Minneapolis,MN,428579,2024,2025-12-22,Wikipedia – List of United States cities by population,316531.0710574817,2025-11-30,Zillow ZHVI (City),Medium (100k–500k),0.7385594512504852,5.5004163472964915,5.632030887173479,100.0,203.0,True
Bakersfield,CA,417468,2024,2025-12-22,Wikipedia – List of United States cities by population,390679.14426067285,2025-11-30,Zillow ZHVI (City),Medium (100k–500k),0.9358301576663909,5.591820227773897,5.62062319130215,134.0,169.0,True
Tulsa,OK,415154,2024,2025-12-22,Wikipedia – List of United States cities by population,212005.6206597664,2025-11-30,Zillow ZHVI (City),Medium (100k–500k),0.5106674165725644,5.326347375028576,5.618209226697566,36.0,267.0,True
Tampa,FL,414547,2024,2025-12-22,Wikipedia – List of United States cities by population,368150.8692553383,2025-11-30,Zillow ZHVI (City),Medium (100k–500k),0.8880799264144675,5.566025830243526,5.617573776583497,123.0,180.0,True
Arlington,TX,403672,2024,2025-12-22,Wikipedia – List of United States cities by population,304587.3960235994,2025-11-30,Zillow ZHVI (City),Medium (100k–500k),0.7545417963683371,5.483711928052373,5.606028626380291,89.0,214.0,True
Aurora,CO,403130,2024,2025-12-22,Wikipedia – List of United States cities by population,455348.0876991847,2025-11-30,Zillow ZHVI (City),Medium (100k–500k),1.1295316342102664,5.65834351703257,5.605445118544163,170.0,133.0,False
Wichita,KS,400991,2024,2025-12-22,Wikipedia – List of United States cities by population,196196.5531300858,2025-11-30,Zillow ZHVI (City),Medium (100k–500k),0.48927919362301353,5.292691373228776,5.603134625253099,28.0,275.0,True
Cleveland,OH,365379,2024,2025-12-22,Wikipedia – List of United States cities by population,111917.08389550356,2025-11-30,Zillow ZHVI (City),Medium (100k–500k),0.3063040949137842,5.048896385681497,5.562743582846283,2.0,301.0,True
New Orleans,LA,362701,2024,2025-12-22,Wikipedia – List of United States cities by population,236988.7197457504,2025-11-30,Zillow ZHVI (City),Medium (100k–500k),0.6533996866447856,5.374727674833884,5.559548752971896,55.0,248.0,True
Henderson,NV,350039,2024,2025-12-22,Wikipedia – List of United States cities by population,482052.30157563934,2025-11-30,Zillow ZHVI (City),Medium (100k–500k),1.3771388376027796,5.6830941607563314,5.544116434468003,187.0,116.0,False
Honolulu,HI,344967,2024,2025-12-22,Wikipedia – List of United States cities by population,751135.3067680771,2025-11-30,Zillow ZHVI (City),Medium (100k–500k),2.177412061930785,5.875718176271476,5.537777551875081,266.0,37.0,False
Anaheim,CA,344561,2024,2025-12-22,Wikipedia – List of United States cities by population,911328.3072651228,2025-11-30,Zillow ZHVI (City),Medium (100k–500k),2.6448968608319654,5.959674860340551,5.537266119184808,281.0,22.0,False
Orlando,FL,334854,2024,2025-12-22,Wikipedia – List of United States cities by population,368927.8697513456,2025-11-30,Zillow ZHVI (City),Medium (100k–500k),1.1017573920315886,5.566941464177843,5.5248554911699195,124.0,179.0,True
Lexington,KY,329437,2024,2025-12-22,Wikipedia – List of United States cities by population,319944.7876421675,2025-11-30,Zillow ZHVI (City),Medium (100k–500k),0.9711865626574048,5.5050750392849706,5.517772374413047,102.0,201.0,True
Stockton,CA,324975,2024,2025-12-22,Wikipedia – List of United States cities by population,424247.79810192325,2025-11-30,Zillow ZHVI (City),Medium (100k–500k),1.3054782617183576,5.6276195969539655,5.511849952426075,156.0,147.0,False
Riverside,CA,323757,2024,2025-12-22,Wikipedia – List of United States cities by population,633682.1586525665,2025-11-30,Zillow ZHVI (City),Medium (100k–500k),1.9572770894608194,5.801871479718238,5.510219167138755,238.0,65.0,False
Irvine,CA,318683,2024,2025-12-22,Wikipedia – List of United States cities by population,1500918.9936056498,2025-11-30,Zillow ZHVI (City),Medium (100k–500k),4.709755442259706,6.1763572534828315,5.503358896849602,299.0,4.0,False
Corpus Christi,TX,317317,2024,2025-12-22,Wikipedia – List of United States cities by population,216909.9361064318,2025-11-30,Zillow ZHVI (City),Medium (100k–500k),0.6835748986232436,5.3362794464234105,5.50149333969707,41.0,262.0,True
Newark,NJ,317303,2024,2025-12-22,Wikipedia – List of United States cities by population,476165.9203583311,2025-11-30,Zillow ZHVI (City),Medium (100k–500k),1.5006663043158468,5.677758309317589,5.501474178237464,182.0,121.0,False
Santa Ana,CA,316184,2024,2025-12-22,Wikipedia – List of United States cities by population,831799.9599805473,2025-11-30,Zillow ZHVI (City),Medium (100k–500k),2.6307465272769885,5.920018895134195,5.499939889354818,277.0,26.0,False
Cincinnati,OH,314915,2024,2025-12-22,Wikipedia – List of United States cities by population,242545.4570622725,2025-11-30,Zillow ZHVI (City),Medium (100k–500k),0.7701934079426909,5.384793144592823,5.498193347400847,58.0,245.0,True
Pittsburgh,PA,307668,2024,2025-12-22,Wikipedia – List of United States cities by population,231507.5537884301,2025-11-30,Zillow ZHVI (City),Medium (100k–500k),0.7524589940729295,5.364565166045599,5.488082328401768,51.0,252.0,True
Saint Paul,MN,307465,2024,2025-12-22,Wikipedia – List of United States cities by population,285722.8550167536,2025-11-30,Zillow ZHVI (City),Medium (100k–500k),0.9292857886808372,5.455944981057107,5.487795685405776,78.0,225.0,True
Greensboro,NC,307381,2024,2025-12-22,Wikipedia – List of United States cities by population,258029.89313737987,2025-11-30,Zillow ZHVI (City),Medium (100k–500k),0.8394464626550758,5.411670022523562,5.487677019148837,65.0,238.0,True
Jersey City,NJ,302824,2024,2025-12-22,Wikipedia – List of United States cities by population,635531.8076346092,2025-11-30,Zillow ZHVI (City),Medium (100k–500k),2.098683749090591,5.803137291372329,5.4811902917478506,242.0,61.0,False
Durham,NC,301870,2024,2025-12-22,Wikipedia – List of United States cities by population,393994.7471607648,2025-11-30,Zillow ZHVI (City),Medium (100k–500k),1.3051802006186928,5.595490431738515,5.479819954752671,135.0,168.0,True
Lincoln,NE,300619,2024,2025-12-22,Wikipedia – List of United States cities by population,280821.4237619154,2025-11-30,Zillow ZHVI (City),Medium (100k–500k),0.9341439621644521,5.44843023688606,5.478016425799752,71.0,232.0,True
North Las Vegas,NV,294034,2024,2025-12-22,Wikipedia – List of United States cities by population,402975.7238790667,2025-11-30,Zillow ZHVI (City),Medium (100k–500k),1.3705072334460189,5.605278884099117,5.468397552040162,141.0,162.0,True
Plano,TX,293286,2024,2025-12-22,Wikipedia – List of United States cities by population,496709.4719038094,2025-11-30,Zillow ZHVI (City),Medium (100k–500k),1.6936010307474936,5.696102441767592,5.467291332438917,196.0,107.0,False
Anchorage,AK,289600,2024,2025-12-22,Wikipedia – List of United States cities by population,398821.7722309075,2025-11-30,Zillow ZHVI (City),Medium (100k–500k),1.3771470035597635,5.600778859021868,5.46179855752511,138.0,165.0,True
Gilbert,AZ,288790,2024,2025-12-22,Wikipedia – List of United States cities by population,564271.0614563528,2025-11-30,Zillow ZHVI (City),Medium (100k–500k),1.9539148220379958,5.751487778123869,5.460582150739671,220.0,83.0,False
Madison,WI,285300,2024,2025-12-22,Wikipedia – List of United States cities by population,413036.9745535515,2025-11-30,Zillow ZHVI (City),Medium (100k–500k),1.4477286174327078,5.615988930895669,5.455301771657076,147.0,156.0,True
Reno,NV,281714,2024,2025-12-22,Wikipedia – List of United States cities by population,555068.542311655,2025-11-30,Zillow ZHVI (City),Medium (100k–500k),1.9703264385570296,5.744346615032116,5.449808430129777,216.0,87.0,False
Chandler,AZ,281231,2024,2025-12-22,Wikipedia – List of United States cities by population,516664.54438075935,2025-11-30,Zillow ZHVI (City),Medium (100k–500k),1.8371536010637495,5.713208659517174,5.4490631911233685,206.0,97.0,False
Chula Vista,CA,278546,2024,2025-12-22,Wikipedia – List of United States cities by population,820832.846050361,2025-11-30,Zillow ZHVI (City),Medium (100k–500k),2.946848441730849,5.914254726633497,5.444896926247622,271.0,32.0,False
Buffalo,NY,276617,2024,2025-12-22,Wikipedia – List of United States cities by population,235752.1321840668,2025-11-30,Zillow ZHVI (City),Medium (100k–500k),0.8522691381370878,5.372455629263395,5.44187886694943,53.0,250.0,True
Fort Wayne,IN,273203,2024,2025-12-22,Wikipedia – List of United States cities by population,235457.7890098669,2025-11-30,Zillow ZHVI (City),Medium (100k–500k),0.861841886838237,5.371913061599949,5.436485463956392,52.0,251.0,True
Lubbock,TX,272086,2024,2025-12-22,Wikipedia – List of United States cities by population,205774.71862934937,2025-11-30,Zillow ZHVI (City),Medium (100k–500k),0.7562855811373954,5.313392016518677,5.4347061960275775,34.0,269.0,True
Toledo,OH,265638,2024,2025-12-22,Wikipedia – List of United States cities by population,126351.92153964924,2025-11-30,Zillow ZHVI (City),Medium (100k–500k),0.47565454317397826,5.101581850986609,5.424290201757163,3.0,300.0,True
Laredo,TX,261260,2024,2025-12-22,Wikipedia – List of United States cities by population,215908.74173258303,2025-11-30,Zillow ZHVI (City),Medium (100k–500k),0.826413311385528,5.334270226444309,5.417072922513188,40.0,263.0,True
Glendale,AZ,258143,2024,2025-12-22,Wikipedia – List of United States cities by population,399938.4337790576,2025-11-30,Zillow ZHVI (City),Medium (100k–500k),1.5492902529956558,5.601993141508149,5.411860352886665,139.0,164.0,True
Irving,TX,258060,2024,2025-12-22,Wikipedia – List of United States cities by population,332720.22814378794,2025-11-30,Zillow ZHVI (City),Medium (100k–500k),1.2893134470425016,5.5220792051494785,5.4117206929377355,109.0,194.0,True
Winston-Salem,NC,255769,2024,2025-12-22,Wikipedia – List of United States cities by population,257120.10621138624,2025-11-30,Zillow ZHVI (City),Medium (100k–500k),1.0052825252919089,5.41013603881803,5.407847905487465,62.0,241.0,True
Chesapeake,VA,254997,2024,2025-12-22,Wikipedia – List of United States cities by population,408903.28878225846,2025-11-30,Zillow ZHVI (City),Medium (100k–500k),1.603561174375614,5.611620603570338,5.406535071057054,145.0,158.0,True
Garland,TX,250431,2024,2025-12-22,Wikipedia – List of United States cities by population,282705.4125178833,2025-11-30,Zillow ZHVI (City),Medium (100k–500k),1.128875468763385,5.451334123325557,5.398688087699843,74.0,229.0,True
Scottsdale,AZ,246170,2024,2025-12-22,Wikipedia – List of United States cities by population,825086.6983233187,2025-11-30,Zillow ZHVI (City),Medium (100k–500k),3.351694756970056,5.916499585671272,5.39123512565331,275.0,28.0,False
Boise,ID,237963,2024,2025-12-22,Wikipedia – List of United States cities by population,485649.2545495824,2025-11-30,Zillow ZHVI (City),Medium (100k–500k),2.0408603629538304,5.686322726449242,5.376509435438812,188.0,115.0,False
Hialeah,FL,235388,2024,2025-12-22,Wikipedia – List of United States cities by population,439794.8492938579,2025-11-30,Zillow ZHVI (City),Medium (100k–500k),1.8683826248315882,5.643250138766576,5.371784318887102,165.0,138.0,False
Frisco,TX,235208,2024,2025-12-22,Wikipedia – List of United States cities by population,652214.122694385,2025-11-30,Zillow ZHVI (City),Medium (100k–500k),2.772924911968917,5.814390198551257,5.371452089074037,244.0,59.0,False
Richmond,VA,233655,2024,2025-12-22,Wikipedia – List of United States cities by population,358355.6169266387,2025-11-30,Zillow ZHVI (City),Medium (100k–500k),1.5336954780622658,5.55431421606418,5.368575078958345,119.0,184.0,True
Cape Coral,FL,233025,2024,2025-12-22,Wikipedia – List of United States cities by population,336623.8649190164,2025-11-30,Zillow ZHVI (City),Medium (100k–500k),1.444582619543038,5.527144901999994,5.367402516646674,111.0,192.0,True
Norfolk,VA,231105,2024,2025-12-22,Wikipedia – List of United States cities by population,301547.5643466229,2025-11-30,Zillow ZHVI (City),Medium (100k–500k),1.3048076170858394,5.479355824947269,5.363809341623286,87.0,216.0,True
Spokane,WA,230609,2024,2025-12-22,Wikipedia – List of United States cities by population,386448.09198633983,2025-11-30,Zillow ZHVI (City),Medium (100k–500k),1.6757719429265112,5.5870911673931465,5.362876252542654,129.0,174.0,True
Huntsville,AL,230402,2024,2025-12-22,Wikipedia – List of United States cities by population,278544.4297635359,2025-11-30,Zillow ZHVI (City),Medium (100k–500k),1.2089497042713861,5.444894478009436,5.36248624465219,70.0,233.0,True
Santa Clarita,CA,229159,2024,2025-12-22,Wikipedia – List of United States cities by population,782375.5279601505,2025-11-30,Zillow ZHVI (City),Medium (100k–500k),3.4141165215424683,5.893415257630664,5.360136918415114,268.0,35.0,False
Tacoma,WA,228202,2024,2025-12-22,Wikipedia – List of United States cities by population,479736.67315834085,2025-11-30,Zillow ZHVI (City),Medium (100k–500k),2.1022456996798486,5.681002919094463,5.358319446327409,185.0,118.0,False
Fremont,CA,228192,2024,2025-12-22,Wikipedia – List of United States cities by population,1468744.1759652102,2025-11-30,Zillow ZHVI (City),Medium (100k–500k),6.436440260680524,6.166946157504365,5.358300414767749,298.0,5.0,False
McKinney,TX,227526,2024,2025-12-22,Wikipedia – List of United States cities by population,482035.4067761448,2025-11-30,Zillow ZHVI (City),Medium (100k–500k),2.1185948277390048,5.683078939489365,5.357031031812213,186.0,117.0,False
San Bernardino,CA,224775,2024,2025-12-22,Wikipedia – List of United States cities by population,479175.0000832566,2025-11-30,Zillow ZHVI (City),Medium (100k–500k),2.131798465502198,5.680494151599299,5.351748006337345,184.0,119.0,False
Baton Rouge,LA,220907,2024,2025-12-22,Wikipedia – List of United States cities by population,224744.3453310651,2025-11-30,Zillow ZHVI (City),Medium (100k–500k),1.0173708634450926,5.351688773497994,5.3442094778144265,48.0,255.0,True
Modesto,CA,220592,2024,2025-12-22,Wikipedia – List of United States cities by population,437250.48920486605,2025-11-30,Zillow ZHVI (City),Medium (100k–500k),1.9821683887215586,5.64073030404861,5.343589758245355,163.0,140.0,False
Fontana,CA,218455,2024,2025-12-22,Wikipedia – List of United States cities by population,627332.7620624946,2025-11-30,Zillow ZHVI (City),Medium (100k–500k),2.87167957731567,5.797497968888229,5.339361989295342,236.0,67.0,False
Salt Lake City,UT,217783,2024,2025-12-22,Wikipedia – List of United States cities by population,556494.490724261,2025-11-30,Zillow ZHVI (City),Medium (100k–500k),2.5552705708171026,5.745460869192027,5.338023975996702,218.0,85.0,False
Moreno Valley,CA,213919,2024,2025-12-22,Wikipedia – List of United States cities by population,541062.866956138,2025-11-30,Zillow ZHVI (City),Medium (100k–500k),2.529288501517575,5.733247729405843,5.330249359740754,211.0,92.0,False
Des Moines,IA,213096,2024,2025-12-22,Wikipedia – List of United States cities by population,204290.7548316029,2025-11-30,Zillow ZHVI (City),Medium (100k–500k),0.9586794441547608,5.310248713101024,5.328575297699976,33.0,270.0,True
Worcester,MA,211286,2024,2025-12-22,Wikipedia – List of United States cities by population,423265.4795683378,2025-11-30,Zillow ZHVI (City),Medium (100k–500k),2.0032821841879622,5.626612849989902,5.324870721263485,155.0,148.0,False
Yonkers,NY,211040,2024,2025-12-22,Wikipedia – List of United States cities by population,662489.5955971098,2025-11-30,Zillow ZHVI (City),Medium (100k–500k),3.139166014012082,5.82117906206508,5.32436477820229,249.0,54.0,False
Fayetteville,NC,209496,2024,2025-12-22,Wikipedia – List of United States cities by population,221353.3044606544,2025-11-30,Zillow ZHVI (City),Medium (100k–500k),1.0565991926368734,5.345086009704593,5.321175735204405,44.0,259.0,True
Sioux Falls,SD,209289,2024,2025-12-22,Wikipedia – List of United States cities by population,323782.77691560367,2025-11-30,Zillow ZHVI (City),Medium (100k–500k),1.547060652569431,5.510253743461669,5.320746402897492,105.0,198.0,True
Grand Prairie,TX,207331,2024,2025-12-22,Wikipedia – List of United States cities by population,310584.0246644248,2025-11-30,Zillow ZHVI (City),Medium (100k–500k),1.4980105467316747,5.49217911340633,5.316664242385175,93.0,210.0,True
Rochester,NY,207282,2024,2025-12-22,Wikipedia – List of United States cities by population,227136.4071449405,2025-11-30,Zillow ZHVI (City),Medium (100k–500k),1.095784521304023,5.35628675181064,5.31656159037131,50.0,253.0,True
Tallahassee,FL,205089,2024,2025-12-22,Wikipedia – List of United States cities by population,284790.9449179383,2025-11-30,Zillow ZHVI (City),Medium (100k–500k),1.3886212567126386,5.454526176556493,5.3119423674994595,76.0,227.0,True
Little Rock,AR,204774,2024,2025-12-22,Wikipedia – List of United States cities by population,212683.8287402516,2025-11-30,Zillow ZHVI (City),Medium (100k–500k),1.0386271144786525,5.327734469893961,5.311274813762066,38.0,265.0,True
Amarillo,TX,203729,2024,2025-12-22,Wikipedia – List of United States cities by population,200799.20121383932,2025-11-30,Zillow ZHVI (City),Medium (100k–500k),0.9856191372550757,5.302761980837963,5.309052853465269,30.0,273.0,True
Overland Park,KS,202893,2024,2025-12-22,Wikipedia – List of United States cities by population,457175.755620698,2025-11-30,Zillow ZHVI (City),Medium (100k–500k),2.253285010427654,5.660083191366007,5.30726706372228,171.0,132.0,False
Columbus,GA,201830,2024,2025-12-22,Wikipedia – List of United States cities by population,168271.72537087358,2025-11-30,Zillow ZHVI (City),Medium (100k–500k),0.833729997378356,5.226011147782059,5.304985720206672,14.0,289.0,True
Augusta,GA,201737,2024,2025-12-22,Wikipedia – List of United States cities by population,172036.1581759411,2025-11-30,Zillow ZHVI (City),Medium (100k–500k),0.8527744448263883,5.235619735546673,5.304785558213585,17.0,286.0,True
Mobile,AL,201367,2024,2025-12-22,Wikipedia – List of United States cities by population,192864.162771802,2025-11-30,Zillow ZHVI (City),Medium (100k–500k),0.9577744256596264,5.285251536320014,5.303988299920783,24.0,279.0,True
Oxnard,CA,200616,2024,2025-12-22,Wikipedia – List of United States cities by population,746839.15338626,2025-11-30,Zillow ZHVI (City),Medium (100k–500k),3.72272975927274,5.873227077961921,5.302365566942665,264.0,39.0,False
Grand Rapids,MI,200117,2024,2025-12-22,Wikipedia – List of United States cities by population,290348.4765002025,2025-11-30,Zillow ZHVI (City),Medium (100k–500k),1.450893609739315,5.462919551570338,5.30128398365165,81.0,222.0,True
Peoria,AZ,199924,2024,2025-12-22,Wikipedia – List of United States cities by population,478682.2800148788,2025-11-30,Zillow ZHVI (City),Medium (100k–500k),2.3943212421464097,5.6800473509534415,5.30086493239685,183.0,120.0,False
Vancouver,WA,198992,2024,2025-12-22,Wikipedia – List of United States cities by population,496068.8493935943,2025-11-30,Zillow ZHVI (City),Medium (100k–500k),2.492908505837392,5.6955419564028,5.298835616984111,195.0,108.0,False
Knoxville,TN,198722,2024,2025-12-22,Wikipedia – List of United States cities by population,363101.45471768704,2025-11-30,Zillow ZHVI (City),Medium (100k–500k),1.8271829727845283,5.56002798885946,5.2982459493931895,121.0,182.0,True
Birmingham,AL,196357,2024,2025-12-22,Wikipedia – List of United States cities by population,132724.73140922678,2025-11-30,Zillow ZHVI (City),Medium (100k–500k),0.6759358281559953,5.122951855146299,5.293046388199687,6.0,297.0,True
Montgomery,AL,195818,2024,2025-12-22,Wikipedia – List of United States cities by population,146126.81434866402,2025-11-30,Zillow ZHVI (City),Medium (100k–500k),0.7462379063654211,5.164729916517005,5.291852610558906,9.0,294.0,True
Providence,RI,194706,2024,2025-12-22,Wikipedia – List of United States cities by population,415144.87091061816,2025-11-30,Zillow ZHVI (City),Medium (100k–500k),2.1321627012553193,5.618199676610766,5.28937933481095,150.0,153.0,True
Huntington Beach,CA,193151,2024,2025-12-22,Wikipedia – List of United States cities by population,1289642.6302375442,2025-11-30,Zillow ZHVI (City),Medium (100k–500k),6.676862300674313,6.110469380672961,5.285896960957969,293.0,10.0,False
Brownsville,TX,191967,2024,2025-12-22,Wikipedia – List of United States cities by population,191767.6735656151,2025-11-30,Zillow ZHVI (City),Medium (100k–500k),0.9989616630234108,5.282775399626587,5.283226577923988,23.0,280.0,True
Chattanooga,TN,191496,2024,2025-12-22,Wikipedia – List of United States cities by population,314828.9244546408,2025-11-30,Zillow ZHVI (City),Medium (100k–500k),1.6440496117654717,5.498074625700939,5.28215970678469,99.0,204.0,True
Fort Lauderdale,FL,190641,2024,2025-12-22,Wikipedia – List of United States cities by population,502570.9274745235,2025-11-30,Zillow ZHVI (City),Medium (100k–500k),2.636216383015844,5.70119736208669,5.2802163074193,197.0,106.0,False
Tempe,AZ,190114,2024,2025-12-22,Wikipedia – List of United States cities by population,459718.9072839842,2025-11-30,Zillow ZHVI (City),Medium (100k–500k),2.418122322837793,5.6624923657477915,5.27901409950022,173.0,130.0,False
Akron,OH,189664,2024,2025-12-22,Wikipedia – List of United States cities by population,135023.05134920368,2025-11-30,Zillow ZHVI (City),Medium (100k–500k),0.7119065892800093,5.130407918266545,5.277984905558924,8.0,295.0,True
Glendale,CA,187823,2024,2025-12-22,Wikipedia – List of United States cities by population,1149220.679084937,2025-11-30,Zillow ZHVI (City),Medium (100k–500k),6.118636583831251,6.060403432088164,5.273748773028429,290.0,13.0,False
Clarksville,TN,185690,2024,2025-12-22,Wikipedia – List of United States cities by population,318119.1632962919,2025-11-30,Zillow ZHVI (City),Medium (100k–500k),1.713173371190112,5.502589831519052,5.268788516223584,101.0,202.0,True
Ontario,CA,185285,2024,2025-12-22,Wikipedia – List of United States cities by population,660845.8779063217,2025-11-30,Zillow ZHVI (City),Medium (100k–500k),3.5666453188672675,5.820100185386676,5.267840261839604,248.0,55.0,False
Newport News,VA,183056,2024,2025-12-22,Wikipedia – List of United States cities by population,284432.47934050264,2025-11-30,Zillow ZHVI (City),Medium (100k–500k),1.5538003634980697,5.453979186969707,5.262583968258175,75.0,228.0,True
Elk Grove,CA,182797,2024,2025-12-22,Wikipedia – List of United States cities by population,625896.6036258512,2025-11-30,Zillow ZHVI (City),Medium (100k–500k),3.423998225495228,5.796502594897994,5.26196906396818,235.0,68.0,False
Cary,NC,182659,2024,2025-12-22,Wikipedia – List of United States cities by population,614102.1636504639,2025-11-30,Zillow ZHVI (City),Medium (100k–500k),3.362014265108557,5.788240627523516,5.2616410756940715,233.0,70.0,False
Aurora,IL,180710,2024,2025-12-22,Wikipedia – List of United States cities by population,308771.7423260135,2025-11-30,Zillow ZHVI (City),Medium (100k–500k),1.7086588585358504,5.489637548420764,5.25698218590157,91.0,212.0,True
Salem,OR,180406,2024,2025-12-22,Wikipedia – List of United States cities by population,429992.2243478492,2025-11-30,Zillow ZHVI (City),Medium (100k–500k),2.383469642627458,5.633460602199691,5.256250977349821,159.0,144.0,False
Pembroke Pines,FL,179326,2024,2025-12-22,Wikipedia – List of United States cities by population,486228.3299122757,2025-11-30,Zillow ZHVI (City),Medium (100k–500k),2.711421265807946,5.686840259250503,5.253643261329702,189.0,114.0,False
Eugene,OR,178786,2024,2025-12-22,Wikipedia – List of United States cities by population,465081.6327202159,2025-11-30,Zillow ZHVI (City),Medium (100k–500k),2.601331383442864,5.667529188434827,5.252333507967756,176.0,127.0,False
Santa Rosa,CA,177524,2024,2025-12-22,Wikipedia – List of United States cities by population,698003.4600757482,2025-11-30,Zillow ZHVI (City),Medium (100k–500k),3.931882224801988,5.8438575754714135,5.249257074928979,256.0,47.0,False
Rancho Cucamonga,CA,176675,2024,2025-12-22,Wikipedia – List of United States cities by population,774373.311062869,2025-11-30,Zillow ZHVI (City),Medium (100k–500k),4.383038409864831,5.888950376508676,5.247175099986761,267.0,36.0,False
Shreveport,LA,176578,2024,2025-12-22,Wikipedia – List of United States cities by population,132659.1170663321,2025-11-30,Zillow ZHVI (City),Medium (100k–500k),0.751277719004248,5.122737102456584,5.2469365935010215,5.0,298.0,True
Garden Grove,CA,172361,2024,2025-12-22,Wikipedia – List of United States cities by population,965708.1293093336,2025-11-30,Zillow ZHVI (City),Medium (100k–500k),5.6028227343153825,5.984845887301854,5.23643900510316,283.0,20.0,False
Oceanside,CA,170941,2024,2025-12-22,Wikipedia – List of United States cities by population,845989.6024642321,2025-11-30,Zillow ZHVI (City),Medium (100k–500k),4.949015171692175,5.9273650254265435,5.232846240240949,278.0,25.0,False
Fort Collins,CO,170924,2024,2025-12-22,Wikipedia – List of United States cities by population,548816.4178245907,2025-11-30,Zillow ZHVI (City),Medium (100k–500k),3.210879793502321,5.739427094797773,5.232803047716423,215.0,88.0,False
Springfield,MO,170596,2024,2025-12-22,Wikipedia – List of United States cities by population,236806.96624148564,2025-11-30,Zillow ZHVI (City),Medium (100k–500k),1.3881155844303832,5.374394474046392,5.231968843957569,54.0,249.0,True
Murfreesboro,TN,168387,2024,2025-12-22,Wikipedia – List of United States cities by population,422082.800211377,2025-11-30,Zillow ZHVI (City),Medium (100k–500k),2.506623434180649,5.625397655102803,5.226308559573388,152.0,151.0,False
Surprise,AZ,167564,2024,2025-12-22,Wikipedia – List of United States cities by population,417437.92112258606,2025-11-30,Zillow ZHVI (City),Medium (100k–500k),2.491214826111731,5.620591898936968,5.224180719063215,151.0,152.0,True
Lancaster,CA,167426,2024,2025-12-22,Wikipedia – List of United States cities by population,461365.30983460107,2025-11-30,Zillow ZHVI (City),Medium (100k–500k),2.755637176033597,5.664044936709146,5.223822901564824,175.0,128.0,False
Denton,TX,165998,2024,2025-12-22,Wikipedia – List of United States cities by population,348818.03311441647,2025-11-30,Zillow ZHVI (City),Medium (100k–500k),2.101338769831061,5.5425989288971085,5.220102855544897,117.0,186.0,True
Roseville,CA,163304,2024,2025-12-22,Wikipedia – List of United States cities by population,632460.8884308825,2025-11-30,Zillow ZHVI (City),Medium (100k–500k),3.872905063139191,5.801033673778538,5.2129968225606245,237.0,66.0,False
Palmdale,CA,162536,2024,2025-12-22,Wikipedia – List of United States cities by population,495694.6091753752,2025-11-30,Zillow ZHVI (City),Medium (100k–500k),3.0497527266290247,5.695214195850646,5.21094956759041,194.0,109.0,False
Corona,CA,161540,2024,2025-12-22,Wikipedia – List of United States cities by population,745894.2800834965,2025-11-30,Zillow ZHVI (City),Medium (100k–500k),4.617396806261585,5.8726772767622,5.20828007854531,263.0,40.0,False
Salinas,CA,160783,2024,2025-12-22,Wikipedia – List of United States cities by population,729251.557884898,2025-11-30,Zillow ZHVI (City),Medium (100k–500k),4.535626016960114,5.862877365569008,5.20624012776759,259.0,44.0,False
Killeen,TX,160616,2024,2025-12-22,Wikipedia – List of United States cities by population,217692.63693643332,2025-11-30,Zillow ZHVI (City),Medium (100k–500k),1.3553608416125,5.337843740056459,5.205788805983732,42.0,261.0,True
Paterson,NJ,160463,2024,2025-12-22,Wikipedia – List of United States cities by population,518377.0890482144,2025-11-30,Zillow ZHVI (City),Medium (100k–500k),3.230508522514314,5.714645798572766,5.205374907468037,208.0,95.0,False
Alexandria,VA,159102,2024,2025-12-22,Wikipedia – List of United States cities by population,657677.4175772625,2025-11-30,Zillow ZHVI (City),Medium (100k–500k),4.133684162218341,5.8180129299085825,5.201675639002361,246.0,57.0,False
Hollywood,FL,159073,2024,2025-12-22,Wikipedia – List of United States cities by population,437863.1289167999,2025-11-30,Zillow ZHVI (City),Medium (100k–500k),2.752592387877263,5.641338376153178,5.201596471625853,164.0,139.0,False
Hayward,CA,158440,2024,2025-12-22,Wikipedia – List of United States cities by population,824487.7187224027,2025-11-30,Zillow ZHVI (City),Medium (100k–500k),5.203785147200219,5.916184190931641,5.1998648337322555,274.0,29.0,False
Charleston,SC,157665,2024,2025-12-22,Wikipedia – List of United States cities by population,575754.9503269388,2025-11-30,Zillow ZHVI (City),Medium (100k–500k),3.6517613314745745,5.760237680705623,5.197735295143124,223.0,80.0,False
Macon,GA,157056,2024,2025-12-22,Wikipedia – List of United States cities by population,166561.035525153,2025-11-30,Zillow ZHVI (City),Medium (100k–500k),1.0605200407826063,5.221573412223268,5.196054532374872,13.0,290.0,True
Lakewood,CO,156868,2024,2025-12-22,Wikipedia – List of United States cities by population,555756.1533375238,2025-11-30,Zillow ZHVI (City),Medium (100k–500k),3.5428267928291546,5.744884279910367,5.195534359515463,217.0,86.0,False
Sunnyvale,CA,156792,2024,2025-12-22,Wikipedia – List of United States cities by population,2000319.24716143,2025-11-30,Zillow ZHVI (City),Medium (100k–500k),12.757788963476644,6.301099313772013,5.195323899901418,302.0,1.0,False
Kansas City,KS,156752,2024,2025-12-22,Wikipedia – List of United States cities by population,194338.1295813472,2025-11-30,Zillow ZHVI (City),Medium (100k–500k),1.239780861369215,5.288558018521386,5.195213090704812,26.0,277.0,True
Springfield,MA,154888,2024,2025-12-22,Wikipedia – List of United States cities by population,287963.3623687832,2025-11-30,Zillow ZHVI (City),Medium (100k–500k),1.8591715456896805,5.459337235907712,5.190017771951199,79.0,224.0,True
Bellevue,WA,154377,2024,2025-12-22,Wikipedia – List of United States cities by population,1446855.280563446,2025-11-30,Zillow ZHVI (City),Medium (100k–500k),9.372220476906833,6.160425093665068,5.188582597054509,297.0,6.0,False
Naperville,IL,153124,2024,2025-12-22,Wikipedia – List of United States cities by population,584030.9011354981,2025-11-30,Zillow ZHVI (City),Medium (100k–500k),3.8141042627902753,5.766435826286361,5.185043265490485,227.0,76.0,False
Joliet,IL,151837,2024,2025-12-22,Wikipedia – List of United States cities by population,257180.005675199,2025-11-30,Zillow ZHVI (City),Medium (100k–500k),1.693790088550215,5.410237201567636,5.181377614364587,63.0,240.0,True
Bridgeport,CT,151599,2024,2025-12-22,Wikipedia – List of United States cities by population,344682.1860998873,2025-11-30,Zillow ZHVI (City),Medium (100k–500k),2.273644193562539,5.537418838735956,5.18069633654726,114.0,189.0,True
Mesquite,TX,150140,2024,2025-12-22,Wikipedia – List of United States cities by population,256462.421624782,2025-11-30,Zillow ZHVI (City),Medium (100k–500k),1.7081551993125217,5.409023738739864,5.176496411530366,61.0,242.0,True
Pasadena,TX,149617,2024,2025-12-22,Wikipedia – List of United States cities by population,214880.24493983173,2025-11-30,Zillow ZHVI (City),Medium (100k–500k),1.436202068881422,5.332196490372838,5.174980942370255,39.0,264.0,True
Olathe,KS,149035,2024,2025-12-22,Wikipedia – List of United States cities by population,413273.8405832173,2025-11-30,Zillow ZHVI (City),Medium (100k–500k),2.7729985612991395,5.616237916169896,5.173288271914792,148.0,155.0,True
Escondido,CA,148847,2024,2025-12-22,Wikipedia – List of United States cities by population,815795.5157328743,2025-11-30,Zillow ZHVI (City),Medium (100k–500k),5.480765589718801,5.911581313756486,5.172740085898596,270.0,33.0,False
Savannah,GA,148808,2024,2025-12-22,Wikipedia – List of United States cities by population,324459.15169927554,2025-11-30,Zillow ZHVI (City),Medium (100k–500k),2.1803878265904757,5.511160028383637,5.17262627974791,106.0,197.0,True
McAllen,TX,148782,2024,2025-12-22,Wikipedia – List of United States cities by population,224115.3465589411,2025-11-30,Zillow ZHVI (City),Medium (100k–500k),1.506333740364702,5.350471596372923,5.172550392409235,46.0,257.0,True
Gainesville,FL,148720,2024,2025-12-22,Wikipedia – List of United States cities by population,291411.26752796344,2025-11-30,Zillow ZHVI (City),Medium (100k–500k),1.9594625304462308,5.464506339920639,5.172369376763842,82.0,221.0,True
Pomona,CA,147966,2024,2025-12-22,Wikipedia – List of United States cities by population,675350.9835254439,2025-11-30,Zillow ZHVI (City),Medium (100k–500k),4.564230860639904,5.82952953667114,5.170161933579143,253.0,50.0,False
Rockford,IL,147486,2024,2025-12-22,Wikipedia – List of United States cities by population,170161.72976306625,2025-11-30,Zillow ZHVI (City),Medium (100k–500k),1.1537483541696585,5.230861891696837,5.168750797186635,16.0,287.0,True
Thornton,CO,146689,2024,2025-12-22,Wikipedia – List of United States cities by population,491858.3604922484,2025-11-30,Zillow ZHVI (City),Medium (100k–500k),3.3530691496448157,5.691840057822821,5.166397547937246,191.0,112.0,False
Waco,TX,146608,2024,2025-12-22,Wikipedia – List of United States cities by population,190581.02995539783,2025-11-30,Zillow ZHVI (City),Medium (100k–500k),1.299936087767365,5.280079669672168,5.166157669220937,21.0,282.0,True
Visalia,CA,146271,2024,2025-12-22,Wikipedia – List of United States cities by population,390176.0667063154,2025-11-30,Zillow ZHVI (City),Medium (100k–500k),2.6674875177329436,5.591260626370237,5.165158230510801,133.0,170.0,True
Syracuse,NY,146097,2024,2025-12-22,Wikipedia – List of United States cities by population,206515.61740562096,2025-11-30,Zillow ZHVI (City),Medium (100k–500k),1.4135513898685186,5.314952900043832,5.164641298091569,35.0,268.0,True
Columbia,SC,144788,2024,2025-12-22,Wikipedia – List of United States cities by population,224599.84683963496,2025-11-30,Zillow ZHVI (City),Medium (100k–500k),1.5512324698154196,5.351409455769054,5.160732569114289,47.0,256.0,True
Midland,TX,143687,2024,2025-12-22,Wikipedia – List of United States cities by population,323108.4703132152,2025-11-30,Zillow ZHVI (City),Medium (100k–500k),2.2486966135643116,5.509348343229874,5.157417477364159,104.0,199.0,True
Miramar,FL,143242,2024,2025-12-22,Wikipedia – List of United States cities by population,514354.2783644409,2025-11-30,Zillow ZHVI (City),Medium (100k–500k),3.5908063163348802,5.711262356618065,5.156070376169103,203.0,100.0,False
Palm Bay,FL,142023,2024,2025-12-22,Wikipedia – List of United States cities by population,300387.41975081846,2025-11-30,Zillow ZHVI (City),Medium (100k–500k),2.1150617840125787,5.4776817404253215,5.152358682159262,86.0,217.0,True
Lakewood,NJ,141985,2024,2025-12-22,Wikipedia – List of United States cities by population,560615.3510081056,2025-11-30,Zillow ZHVI (City),Medium (100k–500k),3.9484125154636445,5.7486649856234,5.152242465782183,219.0,84.0,False
Jackson,MS,141449,2024,2025-12-22,Wikipedia – List of United States cities by population,81322.86193082952,2025-11-30,Zillow ZHVI (City),Medium (100k–500k),0.5749270898403631,4.910212654015386,5.15059988147829,1.0,302.0,True
Coral Springs,FL,140808,2024,2025-12-22,Wikipedia – List of United States cities by population,514872.5489004704,2025-11-30,Zillow ZHVI (City),Medium (100k–500k),3.6565575031281634,5.7116997374693845,5.148627329927938,204.0,99.0,False
Victorville,CA,140721,2024,2025-12-22,Wikipedia – List of United States cities by population,431195.7072264243,2025-11-30,Zillow ZHVI (City),Medium (100k–500k),3.064188765190869,5.634674428576743,5.148358912669834,160.0,143.0,False
Elizabeth,NJ,140413,2024,2025-12-22,Wikipedia – List of United States cities by population,530314.7798816497,2025-11-30,Zillow ZHVI (City),Medium (100k–500k),3.776821091221252,5.724533731081596,5.147407318384242,210.0,93.0,False
Fullerton,CA,140054,2024,2025-12-22,Wikipedia – List of United States cities by population,1004053.0081985412,2025-11-30,Zillow ZHVI (City),Medium (100k–500k),7.169041999504057,6.0017566416540395,5.146295516966228,284.0,19.0,False
Meridian,ID,139740,2024,2025-12-22,Wikipedia – List of United States cities by population,522920.0677145017,2025-11-30,Zillow ZHVI (City),Medium (100k–500k),3.7420929419958617,5.718435308745778,5.145320738918325,209.0,94.0,False
Torrance,CA,139576,2024,2025-12-22,Wikipedia – List of United States cities by population,1146363.352336443,2025-11-30,Zillow ZHVI (City),Medium (100k–500k),8.213183873563098,6.059322293812475,5.144810748060537,289.0,14.0,False
Stamford,CT,139134,2024,2025-12-22,Wikipedia – List of United States cities by population,668683.8223253936,2025-11-30,Zillow ZHVI (City),Medium (100k–500k),4.806041818142177,5.825220816306225,5.143433270955827,251.0,52.0,False
West Valley City,UT,138144,2024,2025-12-22,Wikipedia – List of United States cities by population,459836.046304333,2025-11-30,Zillow ZHVI (City),Medium (100k–500k),3.328671866344778,5.662603012382296,5.140332026976173,174.0,129.0,False
Orange,CA,137941,2024,2025-12-22,Wikipedia – List of United States cities by population,1086358.2596142986,2025-11-30,Zillow ZHVI (City),Medium (100k–500k),7.8755283752785505,6.035973070663018,5.139693370071856,288.0,15.0,False
Cedar Rapids,IA,137904,2024,2025-12-22,Wikipedia – List of United States cities by population,202653.87575080452,2025-11-30,Zillow ZHVI (City),Medium (100k–500k),1.4695286268041865,5.306754914029312,5.139576863367535,32.0,271.0,True
Warren,MI,137686,2024,2025-12-22,Wikipedia – List of United States cities by population,194932.18603808587,2025-11-30,Zillow ZHVI (City),Medium (100k–500k),1.4157734703461926,5.289883553148774,5.138889783162868,27.0,276.0,True
Hampton,VA,137596,2024,2025-12-22,Wikipedia – List of United States cities by population,269181.7915157187,2025-11-30,Zillow ZHVI (City),Medium (100k–500k),1.9563198895005574,5.43004567920833,5.138605808876398,67.0,236.0,True
New Haven,CT,137562,2024,2025-12-22,Wikipedia – List of United States cities by population,314645.83070237143,2025-11-30,Zillow ZHVI (City),Medium (100k–500k),2.2873019489566264,5.497821981387969,5.138498481359409,98.0,205.0,True
Pasadena,CA,137195,2024,2025-12-22,Wikipedia – List of United States cities by population,1159778.420622951,2025-11-30,Zillow ZHVI (City),Medium (100k–500k),8.453503557877116,6.064375023802124,5.137338284023953,292.0,11.0,False
Kent,WA,136588,2024,2025-12-22,Wikipedia – List of United States cities by population,634217.1935374889,2025-11-30,Zillow ZHVI (City),Medium (100k–500k),4.643286332163067,5.802238011512009,5.135412545884995,239.0,64.0,False
Dayton,OH,136346,2024,2025-12-22,Wikipedia – List of United States cities by population,133564.53476546865,2025-11-30,Zillow ZHVI (City),Medium (100k–500k),0.9795999498736204,5.125691155741622,5.134642401511904,7.0,296.0,True
Fargo,ND,136285,2024,2025-12-22,Wikipedia – List of United States cities by population,311078.0759919782,2025-11-30,Zillow ZHVI (City),Medium (100k–500k),2.282555497611463,5.492869404193814,5.134448058507344,94.0,209.0,True
Lewisville,TX,135983,2024,2025-12-22,Wikipedia – List of United States cities by population,387730.7410251356,2025-11-30,Zillow ZHVI (City),Medium (100k–500k),2.851317745785397,5.588530235178787,5.133484618166771,130.0,173.0,True
Carrollton,TX,135456,2024,2025-12-22,Wikipedia – List of United States cities by population,396402.8156312634,2025-11-30,Zillow ZHVI (City),Medium (100k–500k),2.926432314783128,5.598136730598248,5.131798246793916,137.0,166.0,True
Round Rock,TX,135359,2024,2025-12-22,Wikipedia – List of United States cities by population,406022.13906777167,2025-11-30,Zillow ZHVI (City),Medium (100k–500k),2.999594700520628,5.60854971488958,5.131487137242775,143.0,160.0,True
Sterling Heights,MI,134342,2024,2025-12-22,Wikipedia – List of United States cities by population,298535.46669105144,2025-11-30,Zillow ZHVI (City),Medium (100k–500k),2.222205019212543,5.474995933700644,5.12821180951648,85.0,218.0,True
Santa Clara,CA,133132,2024,2025-12-22,Wikipedia – List of United States cities by population,1663152.1776662162,2025-11-30,Zillow ZHVI (City),Medium (100k–500k),12.492505015069376,6.2209319887847725,5.124282456324218,301.0,2.0,False
Norman,OK,131010,2024,2025-12-22,Wikipedia – List of United States cities by population,257970.05543224604,2025-11-30,Zillow ZHVI (City),Medium (100k–500k),1.969086752402458,5.411569296989236,5.117304446641002,64.0,239.0,True
Columbia,MO,130900,2024,2025-12-22,Wikipedia – List of United States cities by population,312969.2664204079,2025-11-30,Zillow ZHVI (City),Medium (100k–500k),2.3909034867869208,5.49550169192548,5.1169396465507555,96.0,207.0,True
Abilene,TX,130501,2024,2025-12-22,Wikipedia – List of United States cities by population,199446.3991256212,2025-11-30,Zillow ZHVI (City),Medium (100k–500k),1.528313186302183,5.299826199813621,5.1156138395886135,29.0,274.0,True
Pearland,TX,129620,2024,2025-12-22,Wikipedia – List of United States cities by population,373175.8030373633,2025-11-30,Zillow ZHVI (City),Medium (100k–500k),2.8789986347582417,5.571913476049711,5.1126720171171325,127.0,176.0,True
Athens,GA,128691,2024,2025-12-22,Wikipedia – List of United States cities by population,331237.1035739896,2025-11-30,Zillow ZHVI (City),Medium (100k–500k),2.5738948611323993,5.520138978399405,5.109548175598951,108.0,195.0,True
College Station,TX,128023,2024,2025-12-22,Wikipedia – List of United States cities by population,342066.46834283177,2025-11-30,Zillow ZHVI (City),Medium (100k–500k),2.6719141743501695,5.534110503803839,5.107287999927262,113.0,190.0,True
Clovis,CA,127993,2024,2025-12-22,Wikipedia – List of United States cities by population,508857.9883339917,2025-11-30,Zillow ZHVI (City),Medium (100k–500k),3.9756704533372274,5.706596596701788,5.1071862185189385,199.0,104.0,False
West Palm Beach,FL,127744,2024,2025-12-22,Wikipedia – List of United States cities by population,388743.5659713984,2025-11-30,Zillow ZHVI (City),Medium (100k–500k),3.043145399951453,5.589663214160318,5.106340510935239,131.0,172.0,True
Allentown,PA,127138,2024,2025-12-22,Wikipedia – List of United States cities by population,304572.3251118282,2025-11-30,Zillow ZHVI (City),Medium (100k–500k),2.395604186882193,5.483690438733255,5.104275375288589,88.0,215.0,True
North Charleston,SC,126005,2024,2025-12-22,Wikipedia – List of United States cities by population,305685.55957037635,2025-11-30,Zillow ZHVI (City),Medium (100k–500k),2.4259796005743928,5.485274923361259,5.100387778683642,90.0,213.0,True
Simi Valley,CA,125778,2024,2025-12-22,Wikipedia – List of United States cities by population,823091.9174221462,2025-11-30,Zillow ZHVI (City),Medium (100k–500k),6.544005449459732,5.9154483370351,5.099604684716988,272.0,31.0,False
Topeka,KS,125467,2024,2025-12-22,Wikipedia – List of United States cities by population,189084.1919012121,2025-11-30,Zillow ZHVI (City),Medium (100k–500k),1.5070432217333012,5.276655221827327,5.098529513845081,20.0,283.0,True
Wilmington,NC,125284,2024,2025-12-22,Wikipedia – List of United States cities by population,407392.4385969459,2025-11-30,Zillow ZHVI (City),Medium (100k–500k),3.251751529300995,5.610012964020805,5.097895610855275,144.0,159.0,True
Lakeland,FL,124990,2024,2025-12-22,Wikipedia – List of United States cities by population,309366.458803705,2025-11-30,Zillow ZHVI (City),Medium (100k–500k),2.475129680804104,5.490473226150371,5.096875268059688,92.0,211.0,True
Thousand Oaks,CA,124229,2024,2025-12-22,Wikipedia – List of United States cities by population,1012667.9621542242,2025-11-30,Zillow ZHVI (City),Medium (100k–500k),8.151622907326182,6.005467070392429,5.094222989317429,285.0,18.0,False
Concord,CA,124016,2024,2025-12-22,Wikipedia – List of United States cities by population,712989.6644914526,2025-11-30,Zillow ZHVI (City),Medium (100k–500k),5.749174820115571,5.853083234358368,5.093477719544857,257.0,46.0,False
Rochester,MN,123624,2024,2025-12-22,Wikipedia – List of United States cities by population,329352.7478120879,2025-11-30,Zillow ZHVI (City),Medium (100k–500k),2.664148933961754,5.517661291140668,5.092102791592185,107.0,196.0,True
Vallejo,CA,123475,2024,2025-12-22,Wikipedia – List of United States cities by population,516479.58057879936,2025-11-30,Zillow ZHVI (City),Medium (100k–500k),4.182867629712892,5.713053156025531,5.091579034833586,205.0,98.0,False
Ann Arbor,MI,122925,2024,2025-12-22,Wikipedia – List of United States cities by population,504072.05645180977,2025-11-30,Zillow ZHVI (City),Medium (100k–500k),4.100647195052347,5.702492622720528,5.0896402169621995,198.0,105.0,False
Broken Arrow,OK,122756,2024,2025-12-22,Wikipedia – List of United States cities by population,282514.71730880794,2025-11-30,Zillow ZHVI (City),Medium (100k–500k),2.3014330648506625,5.451041076861715,5.089042728519721,73.0,230.0,True
Fairfield,CA,122646,2024,2025-12-22,Wikipedia – List of United States cities by population,595621.0541845588,2025-11-30,Zillow ZHVI (City),Medium (100k–500k),4.856424621957168,5.774970040917891,5.088653388610439,230.0,73.0,False
Lafayette,LA,122280,2024,2025-12-22,Wikipedia – List of United States cities by population,218173.24028959885,2025-11-30,Zillow ZHVI (City),Medium (100k–500k),1.784210339299958,5.3388014817828,5.0873554300540516,43.0,260.0,True
Hartford,CT,122129,2024,2025-12-22,Wikipedia – List of United States cities by population,191287.6171690884,2025-11-30,Zillow ZHVI (City),Medium (100k–500k),1.5662751448803183,5.28168685727667,5.086818801082851,22.0,281.0,True
Arvada,CO,121873,2024,2025-12-22,Wikipedia – List of United States cities by population,598422.7616990645,2025-11-30,Zillow ZHVI (City),Medium (100k–500k),4.910216058512259,5.777008104061453,5.08590750176431,232.0,71.0,False
Berkeley,CA,121749,2024,2025-12-22,Wikipedia – List of United States cities by population,1336866.0911316231,2025-11-30,Zillow ZHVI (City),Medium (100k–500k),10.980509828677222,6.1260879077891754,5.085465402771555,295.0,8.0,False
Independence,MO,121629,2024,2025-12-22,Wikipedia – List of United States cities by population,201633.4574664976,2025-11-30,Zillow ZHVI (City),Medium (100k–500k),1.6577745230701364,5.30456259715584,5.0850371361077515,31.0,272.0,True
Billings,MT,121483,2024,2025-12-22,Wikipedia – List of United States cities by population,389356.5628459463,2025-11-30,Zillow ZHVI (City),Medium (100k–500k),3.20502920446438,5.590347499396258,5.084515508199787,132.0,171.0,True
Cambridge,MA,121186,2024,2025-12-22,Wikipedia – List of United States cities by population,1017851.9744461124,2025-11-30,Zillow ZHVI (City),Medium (100k–500k),8.399088792815279,6.007684623427466,5.083452450903404,286.0,17.0,False
Lowell,MA,120418,2024,2025-12-22,Wikipedia – List of United States cities by population,473519.5161868376,2025-11-30,Zillow ZHVI (City),Medium (100k–500k),3.9322984619146437,5.675337883228592,5.08069140981535,181.0,122.0,False
Odessa,TX,119748,2024,2025-12-22,Wikipedia – List of United States cities by population,242486.9825581869,2025-11-30,Zillow ZHVI (City),Medium (100k–500k),2.0249773069962496,5.384688429309866,5.078268268673513,57.0,246.0,True
High Point,NC,118601,2024,2025-12-22,Wikipedia – List of United States cities by population,244373.77834340767,2025-11-30,Zillow ZHVI (City),Medium (100k–500k),2.0604697965734493,5.388054603650252,5.07408835085498,59.0,244.0,True
League City,TX,118456,2024,2025-12-22,Wikipedia – List of United States cities by population,363581.9375666545,2025-11-30,Zillow ZHVI (City),Medium (100k–500k),3.0693416759527126,5.560602299715001,5.073557063377881,122.0,181.0,True
Antioch,CA,118453,2024,2025-12-22,Wikipedia – List of United States cities by population,585770.3608096291,2025-11-30,Zillow ZHVI (City),Medium (100k–500k),4.94517117176964,5.76772739318635,5.073546064357617,228.0,75.0,False
Richardson,TX,118221,2024,2025-12-22,Wikipedia – List of United States cities by population,431502.401159638,2025-11-30,Zillow ZHVI (City),Medium (100k–500k),3.6499640601892898,5.6349832167545415,5.072694628609934,161.0,142.0,False
Goodyear,AZ,118186,2024,2025-12-22,Wikipedia – List of United States cities by population,465415.0138426064,2025-11-30,Zillow ZHVI (City),Medium (100k–500k),3.9379876960266564,5.66784038910074,5.07256603421994,177.0,126.0,False
Pompano Beach,FL,118104,2024,2025-12-22,Wikipedia – List of United States cities by population,348380.94141718425,2025-11-30,Zillow ZHVI (City),Medium (100k–500k),2.9497810524383956,5.5420543884029385,5.072264606745687,116.0,187.0,True
Nampa,ID,117350,2024,2025-12-22,Wikipedia – List of United States cities by population,404431.9068824353,2025-11-30,Zillow ZHVI (City),Medium (100k–500k),3.4463733010859423,5.6068454111038095,5.069483093934611,142.0,161.0,True
Menifee,CA,117041,2024,2025-12-22,Wikipedia – List of United States cities by population,579347.0507287993,2025-11-30,Zillow ZHVI (City),Medium (100k–500k),4.949949596541377,5.762938800451608,5.068338023751453,225.0,78.0,False
Las Cruces,NM,116998,2024,2025-12-22,Wikipedia – List of United States cities by population,287975.37594069535,2025-11-30,Zillow ZHVI (City),Medium (100k–500k),2.4613700741952456,5.4593553539041,5.068178437845412,80.0,223.0,True
Clearwater,FL,116811,2024,2025-12-22,Wikipedia – List of United States cities by population,335264.5480186298,2025-11-30,Zillow ZHVI (City),Medium (100k–500k),2.8701453460601294,5.525387632122835,5.067483741871924,110.0,193.0,True
West Jordan,UT,116688,2024,2025-12-22,Wikipedia – List of United States cities by population,547937.5762399402,2025-11-30,Zillow ZHVI (City),Medium (100k–500k),4.695749145070104,5.738731084326076,5.067026196218923,214.0,89.0,False
New Braunfels,TX,116477,2024,2025-12-22,Wikipedia – List of United States cities by population,347709.97974964976,2025-11-30,Zillow ZHVI (City),Medium (100k–500k),2.9852243769126074,5.541217155704843,5.066240176355773,115.0,188.0,True
Manchester,NH,116386,2024,2025-12-22,Wikipedia – List of United States cities by population,425113.9551731834,2025-11-30,Zillow ZHVI (City),Medium (100k–500k),3.652621064158777,5.6285053617425405,5.065900742440854,157.0,146.0,False
Miami Gardens,FL,116173,2024,2025-12-22,Wikipedia – List of United States cities by population,465425.32926746254,2025-11-30,Zillow ZHVI (City),Medium (100k–500k),4.00631238986221,5.667850014665698,5.065105204529942,178.0,125.0,False
Waterbury,CT,115908,2024,2025-12-22,Wikipedia – List of United States cities by population,269876.5046678328,2025-11-30,Zillow ZHVI (City),Medium (100k–500k),2.328368228835221,5.431165076711866,5.064113412115037,68.0,235.0,True
Provo,UT,115479,2024,2025-12-22,Wikipedia – List of United States cities by population,470692.81835360575,2025-11-30,Zillow ZHVI (City),Medium (100k–500k),4.076003588129494,5.672737572062295,5.062503014415799,179.0,124.0,False
Evansville,IN,115395,2024,2025-12-22,Wikipedia – List of United States cities by population,193019.83331089132,2025-11-30,Zillow ZHVI (City),Medium (100k–500k),1.6726880134398485,5.2856019362354045,5.062186991493428,25.0,278.0,True
Richmond,CA,115353,2024,2025-12-22,Wikipedia – List of United States cities by population,590100.5554234736,2025-11-30,Zillow ZHVI (City),Medium (100k–500k),5.1156064898483224,5.770926023412489,5.062028893755278,229.0,74.0,False
Westminster,CO,115302,2024,2025-12-22,Wikipedia – List of United States cities by population,512323.5631040737,2025-11-30,Zillow ZHVI (City),Medium (100k–500k),4.443318963279681,5.709544330677714,5.0618368405247995,201.0,102.0,False
Elgin,IL,114701,2024,2025-12-22,Wikipedia – List of United States cities by population,320594.92296129995,2025-11-30,Zillow ZHVI (City),Medium (100k–500k),2.7950490663664653,5.505956640453089,5.059567204235956,103.0,200.0,True
Conroe,TX,114581,2024,2025-12-22,Wikipedia – List of United States cities by population,312292.7170775966,2025-11-30,Zillow ZHVI (City),Medium (100k–500k),2.7255192141593856,5.494561856244631,5.059112608213705,95.0,208.0,True
Greeley,CO,114363,2024,2025-12-22,Wikipedia – List of United States cities by population,415055.65360847017,2025-11-30,Zillow ZHVI (City),Medium (100k–500k),3.629282666670778,5.61810633390375,5.058285539361334,149.0,154.0,True
Lansing,MI,114336,2024,2025-12-22,Wikipedia – List of United States cities by population,159352.2683099522,2025-11-30,Zillow ZHVI (City),Medium (100k–500k),1.3937191113031084,5.20235824984605,5.058182994522346,10.0,293.0,True
Buckeye,AZ,114334,2024,2025-12-22,Wikipedia – List of United States cities by population,395546.1792061597,2025-11-30,Zillow ZHVI (City),Medium (100k–500k),3.4595674008270483,5.597197193784786,5.058175397645066,136.0,167.0,True
Tuscaloosa,AL,114288,2024,2025-12-22,Wikipedia – List of United States cities by population,224104.4932849568,2025-11-30,Zillow ZHVI (City),Medium (100k–500k),1.9608750987413972,5.35045056420708,5.058000632780467,45.0,258.0,True
Allen,TX,113746,2024,2025-12-22,Wikipedia – List of United States cities by population,494772.2044023767,2025-11-30,Zillow ZHVI (City),Medium (100k–500k),4.349798712942668,5.694405293597055,5.055936133166758,193.0,110.0,False
Carlsbad,CA,113575,2024,2025-12-22,Wikipedia – List of United States cities by population,1405512.2159447016,2025-11-30,Zillow ZHVI (City),Medium (100k–500k),12.375190102968977,6.147834624610353,5.055282745486664,296.0,7.0,False
Everett,WA,113011,2024,2025-12-22,Wikipedia – List of United States cities by population,640008.4924191808,2025-11-30,Zillow ZHVI (City),Medium (100k–500k),5.663240679395641,5.806185736775009,5.053120717879841,243.0,60.0,False
Springfield,IL,112949,2024,2025-12-22,Wikipedia – List of United States cities by population,160106.10409173754,2025-11-30,Zillow ZHVI (City),Medium (100k–500k),1.4175079380228026,5.204407889838246,5.052882390224028,11.0,292.0,True
Beaumont,TX,112893,2024,2025-12-22,Wikipedia – List of United States cities by population,166524.5154460375,2025-11-30,Zillow ZHVI (City),Medium (100k–500k),1.4750650212682583,5.2214781786182325,5.05266701406295,12.0,291.0,True
Murrieta,CA,112539,2024,2025-12-22,Wikipedia – List of United States cities by population,675082.2955976158,2025-11-30,Zillow ZHVI (City),Medium (100k–500k),5.998651983735556,5.829356718527877,5.0513030517775315,252.0,51.0,False
Rio Rancho,NM,112524,2024,2025-12-22,Wikipedia – List of United States cities by population,353316.8367412857,2025-11-30,Zillow ZHVI (City),Medium (100k–500k),3.139924253859494,5.548164333527706,5.051245162055647,118.0,185.0,True
Temecula,CA,112431,2024,2025-12-22,Wikipedia – List of United States cities by population,748810.5132588763,2025-11-30,Zillow ZHVI (City),Medium (100k–500k),6.660178360584503,5.874371933243757,5.050886073445765,265.0,38.0,False
Concord,NC,112395,2024,2025-12-22,Wikipedia – List of United States cities by population,377204.2147482691,2025-11-30,Zillow ZHVI (City),Medium (100k–500k),3.3560586747477124,5.576576536747394,5.050746991653782,128.0,175.0,True
Tyler,TX,112219,2024,2025-12-22,Wikipedia – List of United States cities by population,247609.99351279243,2025-11-30,Zillow ZHVI (City),Medium (100k–500k),2.206489039403242,5.393768168780535,5.050066394322732,60.0,243.0,True
Davie,FL,112052,2024,2025-12-22,Wikipedia – List of United States cities by population,511774.5684568346,2025-11-30,Zillow ZHVI (City),Medium (100k–500k),4.567295259851092,5.709078700751475,5.0494196125998805,200.0,103.0,False
Peoria,IL,111696,2024,2025-12-22,Wikipedia – List of United States cities by population,127324.74862812612,2025-11-30,Zillow ZHVI (City),Medium (100k–500k),1.1399221872594016,5.104912827439808,5.048037620662317,4.0,299.0,True
Sparks,NV,111520,2024,2025-12-22,Wikipedia – List of United States cities by population,516880.5042557332,2025-11-30,Zillow ZHVI (City),Medium (100k–500k),4.634868223240075,5.713390151719188,5.047352760753935,207.0,96.0,False
Gresham,OR,111507,2024,2025-12-22,Wikipedia – List of United States cities by population,459705.8723924152,2025-11-30,Zillow ZHVI (City),Medium (100k–500k),4.122663800410873,5.662480051566999,5.047302131652784,172.0,131.0,False
Santa Maria,CA,111346,2024,2025-12-22,Wikipedia – List of United States cities by population,634625.6000961389,2025-11-30,Zillow ZHVI (City),Medium (100k–500k),5.699581485604682,5.8025175870777295,5.046674620030762,241.0,62.0,False
Pueblo,CO,111166,2024,2025-12-22,Wikipedia – List of United States cities by population,280964.6379151082,2025-11-30,Zillow ZHVI (City),Medium (100k–500k),2.527433189240489,5.448651663233392,5.045971979060437,72.0,231.0,True
Hillsboro,OR,110337,2024,2025-12-22,Wikipedia – List of United States cities by population,513969.9676115406,2025-11-30,Zillow ZHVI (City),Medium (100k–500k),4.658183271355398,5.710937742960954,5.042721171563375,202.0,101.0,False
Edison,NJ,110002,2024,2025-12-22,Wikipedia – List of United States cities by population,624435.2230277676,2025-11-30,Zillow ZHVI (City),Medium (100k–500k),5.676580635149976,5.795487392684978,5.041400581349749,234.0,69.0,False
Sugar Land,TX,109851,2024,2025-12-22,Wikipedia – List of United States cities by population,440065.6682354415,2025-11-30,Zillow ZHVI (City),Medium (100k–500k),4.006023324643758,5.643517488359598,5.040804014761355,166.0,137.0,False
Ventura,CA,109831,2024,2025-12-22,Wikipedia – List of United States cities by population,873650.5239666548,2025-11-30,Zillow ZHVI (City),Medium (100k–500k),7.954498492835855,5.941337741713042,5.040724937825948,280.0,23.0,False
Downey,CA,109368,2024,2025-12-22,Wikipedia – List of United States cities by population,851556.7132085537,2025-11-30,Zillow ZHVI (City),Medium (100k–500k),7.7861596921270735,5.930213577035352,5.038890270294055,279.0,24.0,False
Costa Mesa,CA,109131,2024,2025-12-22,Wikipedia – List of United States cities by population,1336022.100989626,2025-11-30,Zillow ZHVI (City),Medium (100k–500k),12.242370188027472,6.125813642464713,5.03794813479159,294.0,9.0,False
Centennial,CO,108853,2024,2025-12-22,Wikipedia – List of United States cities by population,634501.9123899442,2025-11-30,Zillow ZHVI (City),Medium (100k–500k),5.828979563171839,5.802432935397072,5.036840402743137,240.0,63.0,False
Edinburg,TX,108733,2024,2025-12-22,Wikipedia – List of United States cities by population,212105.30019698304,2025-11-30,Zillow ZHVI (City),Medium (100k–500k),1.950698501807023,5.326551521027371,5.036361370607686,37.0,266.0,True
Spokane Valley,WA,108267,2024,2025-12-22,Wikipedia – List of United States cities by population,400946.3799333746,2025-11-30,Zillow ZHVI (City),Medium (100k–500k),3.70331107293427,5.603086296669789,5.034496102960969,140.0,163.0,True
Jurupa Valley,CA,108154,2024,2025-12-22,Wikipedia – List of United States cities by population,656315.9529168272,2025-11-30,Zillow ZHVI (City),Medium (100k–500k),6.068346551369595,5.817112960678599,5.034042586149618,245.0,58.0,False
Bend,OR,106926,2024,2025-12-22,Wikipedia – List of United States cities by population,720932.5158196948,2025-11-30,Zillow ZHVI (City),Medium (100k–500k),6.742349997378513,5.857894613708619,5.029083320583757,258.0,45.0,False
West Covina,CA,106920,2024,2025-12-22,Wikipedia – List of United States cities by population,823640.6535585066,2025-11-30,Zillow ZHVI (City),Medium (100k–500k),7.703335704812071,5.915737774541909,5.0290589500845,273.0,30.0,False
Boulder,CO,106803,2024,2025-12-22,Wikipedia – List of United States cities by population,923959.1635650052,2025-11-30,Zillow ZHVI (City),Medium (100k–500k),8.651060022330881,5.965652777031478,5.028583451804402,282.0,21.0,False
Palm Coast,FL,106729,2024,2025-12-22,Wikipedia – List of United States cities by population,337035.5002856738,2025-11-30,Zillow ZHVI (City),Medium (100k–500k),3.1578624393152173,5.527675647951965,5.028282440312472,112.0,191.0,True
Dearborn,MI,106377,2024,2025-12-22,Wikipedia – List of United States cities by population,239298.8942335256,2025-11-30,Zillow ZHVI (City),Medium (100k–500k),2.249536029720011,5.378940691804463,5.0268477383645465,56.0,247.0,True
Green Bay,WI,106311,2024,2025-12-22,Wikipedia – List of United States cities by population,270053.8578169009,2025-11-30,Zillow ZHVI (City),Medium (100k–500k),2.5402249797001333,5.431450385715065,5.0265782033016775,69.0,234.0,True
Woodbridge,NJ,106101,2024,2025-12-22,Wikipedia – List of United States cities by population,473136.7249220111,2025-11-30,Zillow ZHVI (City),Medium (100k–500k),4.459305048227737,5.67498665933997,5.025719477138242,180.0,123.0,False
Brockton,MA,105788,2024,2025-12-22,Wikipedia – List of United States cities by population,492881.1134510332,2025-11-30,Zillow ZHVI (City),Medium (100k–500k),4.659140105220187,5.692742176886419,5.024436406552141,192.0,111.0,False
Renton,WA,105543,2024,2025-12-22,Wikipedia – List of United States cities by population,734563.0483468786,2025-11-30,Zillow ZHVI (City),Medium (100k–500k),6.959846208150977,5.8660290776947095,5.023429434591234,260.0,43.0,False
Sandy Springs,GA,105505,2024,2025-12-22,Wikipedia – List of United States cities by population,664493.755860222,2025-11-30,Zillow ZHVI (City),Medium (100k–500k),6.2982205190296385,5.822490904303295,5.023273041822853,250.0,53.0,False
Rialto,CA,104918,2024,2025-12-22,Wikipedia – List of United States cities by population,579179.6016713738,2025-11-30,Zillow ZHVI (City),Medium (100k–500k),5.520307303526314,5.762813257889431,5.020850003256073,224.0,79.0,False
El Monte,CA,104639,2024,2025-12-22,Wikipedia – List of United States cities by population,744307.5731017046,2025-11-30,Zillow ZHVI (City),Medium (100k–500k),7.113099065374331,5.871752437827756,5.019693580592605,262.0,41.0,False
Vacaville,CA,103994,2024,2025-12-22,Wikipedia – List of United States cities by population,596571.4044075644,2025-11-30,Zillow ZHVI (City),Medium (100k–500k),5.736594461291656,5.775662432389041,5.01700828312512,231.0,72.0,False
Fishers,IN,103986,2024,2025-12-22,Wikipedia – List of United States cities by population,434028.2009009767,2025-11-30,Zillow ZHVI (City),Medium (100k–500k),4.173909958080672,5.637517948631822,5.0169748726447185,162.0,141.0,False
South Bend,IN,103713,2024,2025-12-22,Wikipedia – List of United States cities by population,183750.33739205424,2025-11-30,Zillow ZHVI (City),Medium (100k–500k),1.771719431431491,5.264228145184112,5.015833196836574,19.0,284.0,True
Carmel,IN,103606,2024,2025-12-22,Wikipedia – List of United States cities by population,547449.3788820608,2025-11-30,Zillow ZHVI (City),Medium (100k–500k),5.283954393394791,5.738343967368633,5.015384906870969,213.0,90.0,False
Yuma,AZ,103559,2024,2025-12-22,Wikipedia – List of United States cities by population,294125.4181142592,2025-11-30,Zillow ZHVI (City),Medium (100k–500k),2.8401724438654217,5.468532557556237,5.015187848091738,84.0,219.0,True
Burbank,CA,103533,2024,2025-12-22,Wikipedia – List of United States cities by population,1155801.1154960406,2025-11-30,Zillow ZHVI (City),Medium (100k–500k),11.163601127138598,6.06288310928034,5.015078798426963,291.0,12.0,False
Lynn,MA,103489,2024,2025-12-22,Wikipedia – List of United States cities by population,569224.8384368792,2025-11-30,Zillow ZHVI (City),Medium (100k–500k),5.500341470464293,5.7552838425027595,5.014894190438522,221.0,82.0,False
Quincy,MA,103434,2024,2025-12-22,Wikipedia – List of United States cities by population,658450.1717529707,2025-11-30,Zillow ZHVI (City),Medium (100k–500k),6.365896820706641,5.818522915286389,5.014663320046471,247.0,56.0,False
El Cajon,CA,103291,2024,2025-12-22,Wikipedia – List of United States cities by population,787817.2587116114,2025-11-30,Zillow ZHVI (City),Medium (100k–500k),7.627162663848848,5.896425490665959,5.0140624820170325,269.0,34.0,False
Fayetteville,AR,103134,2024,2025-12-22,Wikipedia – List of United States cities by population,369676.6716360138,2025-11-30,Zillow ZHVI (City),Medium (100k–500k),3.584430659491669,5.567822045381293,5.0134018619680445,125.0,178.0,True
Suffolk,VA,103105,2024,2025-12-22,Wikipedia – List of United States cities by population,372782.4246601352,2025-11-30,Zillow ZHVI (City),Medium (100k–500k),3.615561075215898,5.571455428754237,5.0132797265808655,126.0,177.0,True
San Mateo,CA,103006,2024,2025-12-22,Wikipedia – List of United States cities by population,1577936.4276076143,2025-11-30,Zillow ZHVI (City),Medium (100k–500k),15.318878779950822,6.1980895022350175,5.012862522676029,300.0,3.0,False
Chico,CA,102911,2024,2025-12-22,Wikipedia – List of United States cities by population,452706.0646896188,2025-11-30,Zillow ZHVI (City),Medium (100k–500k),4.399005594053297,5.655816312572552,5.01246179831905,168.0,135.0,False
Inglewood,CA,102774,2024,2025-12-22,Wikipedia – List of United States cities by population,736411.3993015083,2025-11-30,Zillow ZHVI (City),Medium (100k–500k),7.165347260022071,5.867120502557976,5.011883259749689,261.0,42.0,False
Wichita Falls,TX,102372,2024,2025-12-22,Wikipedia – List of United States cities by population,168945.03998989656,2025-11-30,Zillow ZHVI (City),Medium (100k–500k),1.6503051614689228,5.227745445968041,5.010181188003777,15.0,288.0,True
Boca Raton,FL,102238,2024,2025-12-22,Wikipedia – List of United States cities by population,544013.315439762,2025-11-30,Zillow ZHVI (City),Medium (100k–500k),5.32104809796516,5.7356095297556084,5.009612345142773,212.0,91.0,False
Hesperia,CA,101836,2024,2025-12-22,Wikipedia – List of United States cities by population,453913.6989110855,2025-11-30,Zillow ZHVI (City),Medium (100k–500k),4.457300943782999,5.656973289752581,5.007901332396931,169.0,134.0,False
Daly City,CA,101418,2024,2025-12-22,Wikipedia – List of United States cities by population,1071227.231945154,2025-11-30,Zillow ZHVI (City),Medium (100k–500k),10.562496124407442,6.0298816044568895,5.006115041850504,287.0,16.0,False
Clinton,MI,101359,2024,2025-12-22,Wikipedia – List of United States cities by population,258694.7757299162,2025-11-30,Zillow ZHVI (City),Medium (100k–500k),2.552262509791101,5.412787658347085,5.005862317180986,66.0,237.0,True
Georgetown,TX,101344,2024,2025-12-22,Wikipedia – List of United States cities by population,423103.5444920951,2025-11-30,Zillow ZHVI (City),Medium (100k–500k),4.174924460176183,5.626446663589177,5.0057980416918175,154.0,149.0,False
New Bedford,MA,101318,2024,2025-12-22,Wikipedia – List of United States cities by population,423102.57567952975,2025-11-30,Zillow ZHVI (City),Medium (100k–500k),4.175986257915965,5.626445669150728,5.005686608304291,153.0,150.0,False
Albany,NY,101317,2024,2025-12-22,Wikipedia – List of United States cities by population,313140.4920300045,2025-11-30,Zillow ZHVI (City),Medium (100k–500k),3.0907003960836237,5.495739229635949,5.0056823218337225,97.0,206.0,True
Davenport,IA,100938,2024,2025-12-22,Wikipedia – List of United States cities by population,182858.1570487979,2025-11-30,Zillow ZHVI (City),Medium (100k–500k),1.811588866916304,5.262114338380741,5.0040546953098035,18.0,285.0,True
Plantation,FL,100694,2024,2025-12-22,Wikipedia – List of United States cities by population,490874.4917615059,2025-11-30,Zillow ZHVI (City),Medium (100k–500k),4.8749130212476,5.690970464621662,5.003003593249506,190.0,113.0,False
Deltona,FL,100513,2024,2025-12-22,Wikipedia – List of United States cities by population,293570.5756306311,2025-11-30,Zillow ZHVI (City),Medium (100k–500k),2.920722450137108,5.467712524399223,5.002222235519127,83.0,220.0,True
Federal Way,WA,100252,2024,2025-12-22,Wikipedia – List of United States cities by population,580740.3973020556,2025-11-30,Zillow ZHVI (City),Medium (100k–500k),5.792806101644413,5.763982037356117,5.00109304543486,226.0,77.0,False
San Angelo,TX,100159,2024,2025-12-22,Wikipedia – List of United States cities by population,226296.8824048828,2025-11-30,Zillow ZHVI (City),Medium (100k–500k),2.2593764155481066,5.354678570907081,5.000689979837501,49.0,254.0,True
Tracy,CA,100136,2024,2025-12-22,Wikipedia – List of United States cities by population,682477.4483737004,2025-11-30,Zillow ZHVI (City),Medium (100k–500k),6.815505396397903,5.834088305223894,5.00059023922363,254.0,49.0,False
Sunrise,FL,100128,2024,2025-12-22,Wikipedia – List of United States cities by population,361314.4679332135,2025-11-30,Zillow ZHVI (City),Medium (100k–500k),3.6085257663512054,5.557885352151352,5.000555541466099,120.0,183.0,True
